energy low [eV],Energy,Cells,Value,Error
1.0000000000000001e-11,1e-07,PF_coil_3,9.845227601856248e-11,0.005604099592643485
1e-07,4.1399e-07,PF_coil_3,3.3371491639813795e-10,0.0038028056928748467
4.1399e-07,5.3158e-07,PF_coil_3,1.0130078792915142e-10,0.00519418834936164
5.3158e-07,6.825599999999999e-07,PF_coil_3,1.1768899803416955e-10,0.005296289308929756
6.825599999999999e-07,8.7643e-07,PF_coil_3,1.3514478930831193e-10,0.004075794103574516
8.7643e-07,1.1252999999999998e-06,PF_coil_3,1.5285775620533024e-10,0.004014635514409316
1.1252999999999998e-06,1.445e-06,PF_coil_3,1.7121858721626805e-10,0.003637451217014701
1.445e-06,1.8553999999999998e-06,PF_coil_3,1.8956962034708445e-10,0.0035247741231341605
1.8553999999999998e-06,2.3824e-06,PF_coil_3,2.073041900005125e-10,0.0034383615509424805
2.3824e-06,3.059e-06,PF_coil_3,2.2533775206239663e-10,0.00295747205441474
3.059e-06,3.9279e-06,PF_coil_3,2.429475201794754e-10,0.0029652398176401463
3.9279e-06,5.043499999999999e-06,PF_coil_3,2.6144443556690506e-10,0.0030572049891483856
5.043499999999999e-06,6.4759e-06,PF_coil_3,2.780344554154836e-10,0.0028705584097463207
6.4759e-06,8.3153e-06,PF_coil_3,2.9280037513832644e-10,0.002816154440999868
8.3153e-06,1.0677e-05,PF_coil_3,3.074057524300108e-10,0.0026727884583441874
1.0677e-05,1.3710000000000001e-05,PF_coil_3,3.1884617453306814e-10,0.002846694720736895
1.3710000000000001e-05,1.7604e-05,PF_coil_3,3.327729866528679e-10,0.0027263893561871857
1.7604e-05,2.2603e-05,PF_coil_3,3.4056385414159375e-10,0.002900251621042327
2.2603e-05,2.9023e-05,PF_coil_3,3.4753567203017483e-10,0.002858590317831984
2.9023e-05,3.7266e-05,PF_coil_3,3.5077615900903365e-10,0.0022189299144895073
3.7266e-05,4.7851e-05,PF_coil_3,3.4252139003076565e-10,0.002551579304625717
4.7851e-05,6.1442e-05,PF_coil_3,4.022102244995738e-10,0.0025619299201637517
6.1442e-05,7.889299999999999e-05,PF_coil_3,4.0634727584381553e-10,0.002503146532053814
7.889299999999999e-05,0.0001013,PF_coil_3,4.157881586128385e-10,0.002457937564291904
0.0001013,0.00013006999999999998,PF_coil_3,4.1594293222981794e-10,0.0025050017607045187
0.00013006999999999998,0.00016702,PF_coil_3,4.1484132983759396e-10,0.002496626939775053
0.00016702,0.00021444999999999998,PF_coil_3,4.3978772491174064e-10,0.002391346311763928
0.00021444999999999998,0.00027536,PF_coil_3,4.696241674255674e-10,0.002166249108382868
0.00027536,0.00035358,PF_coil_3,3.24975521238558e-10,0.0021017600906579497
0.00035358,0.000454,PF_coil_3,3.731445419909946e-10,0.002135410343411548
0.000454,0.00058295,PF_coil_3,4.381317404149066e-10,0.0023585254080204176
0.00058295,0.0007485199999999999,PF_coil_3,5.110466836513964e-10,0.002224712627998526
0.0007485199999999999,0.00096112,PF_coil_3,5.530004305447729e-10,0.0024372273230791885
0.00096112,0.0012341,PF_coil_3,5.282409055766446e-10,0.002209506101688614
0.0012341,0.0015845999999999998,PF_coil_3,6.634304476691996e-10,0.0020598918540904107
0.0015845999999999998,0.0020347,PF_coil_3,6.768520676516666e-10,0.0022894715809831665
0.0020347,0.0022486999999999997,PF_coil_3,1.2932447255437373e-10,0.0024793221281577743
0.0022486999999999997,0.0024852,PF_coil_3,1.6595550180367288e-10,0.0025466534136896002
0.0024852,0.0026125999999999996,PF_coil_3,6.016453882128978e-11,0.0031532316208051506
0.0026125999999999996,0.0027465,PF_coil_3,7.682985373846428e-11,0.0029554161452795295
0.0027465,0.0030354,PF_coil_3,2.3001004971481318e-10,0.0026332153443396965
0.0030354,0.0033545999999999997,PF_coil_3,2.5449882919949297e-10,0.0025766425023818133
0.0033545999999999997,0.0037074,PF_coil_3,2.6125139146326347e-10,0.0023019483852203906
0.0037074,0.004307399999999999,PF_coil_3,3.251921363356141e-10,0.0022450822655553444
0.004307399999999999,0.0055308,PF_coil_3,5.652091208753986e-10,0.002088788351784404
0.0055308,0.0071017,PF_coil_3,5.922088645240405e-10,0.0022745638633035626
0.0071017,0.009118799999999998,PF_coil_3,4.4141699975151245e-10,0.0022742809011574282
0.009118799999999998,0.010595,PF_coil_3,3.452219077200355e-10,0.0024480384120146147
0.010595,0.011708999999999999,PF_coil_3,2.6170016279507997e-10,0.0027869572164766127
0.011708999999999999,0.015033999999999999,PF_coil_3,6.549009547202499e-10,0.0021960684627410068
0.015033999999999999,0.019303999999999998,PF_coil_3,6.007532219750732e-10,0.0021895652575976365
0.019303999999999998,0.021875,PF_coil_3,4.149119548901e-10,0.0024107412657142723
0.021875,0.023579,PF_coil_3,3.1886650685193135e-10,0.0027201557080052848
0.023579,0.024176,PF_coil_3,1.3142363328311939e-10,0.0036334791612060097
0.024176,0.024787999999999998,PF_coil_3,1.7026005303657272e-10,0.0036111298687956247
0.024787999999999998,0.026057999999999998,PF_coil_3,1.9463717961609246e-10,0.0023868447589825486
0.026057999999999998,0.027,PF_coil_3,1.0369324994778069e-10,0.003050485719623471
0.027,0.028501,PF_coil_3,5.1224163767761325e-11,0.0029992736293465226
0.028501,0.031827999999999995,PF_coil_3,1.8274353781288367e-10,0.0020795351166254033
0.031827999999999995,0.034307,PF_coil_3,1.929230206012879e-10,0.0027804121526706542
0.034307,0.040868,PF_coil_3,5.195996372635423e-10,0.002132061007167173
0.040868,0.046308999999999996,PF_coil_3,4.532793042931203e-10,0.0024190247536587006
0.046308999999999996,0.052475,PF_coil_3,4.66327414692604e-10,0.0025239134270122585
0.052475,0.056561999999999994,PF_coil_3,2.3532569500415493e-10,0.0024694210490095888
0.056561999999999994,0.06738,PF_coil_3,6.828298604758645e-10,0.0020501182378448446
0.06738,0.07202399999999999,PF_coil_3,3.3826750194986125e-10,0.002381510314823715
0.07202399999999999,0.079499,PF_coil_3,3.888099634118556e-10,0.0022653130322981877
0.079499,0.08250299999999999,PF_coil_3,2.108754930470112e-10,0.0031302157823864894
0.08250299999999999,0.086517,PF_coil_3,1.1656316698705546e-10,0.003046591637429384
0.086517,0.098036,PF_coil_3,4.725922053916614e-10,0.002234557413350102
0.098036,0.11109,PF_coil_3,4.964191857304926e-10,0.0022768924446421295
0.11109,0.11678999999999999,PF_coil_3,2.667497387695092e-10,0.002836348017014057
0.11678999999999999,0.12276999999999999,PF_coil_3,3.0151477902002e-10,0.0027963279616975735
0.12276999999999999,0.12907,PF_coil_3,3.0800700381485677e-10,0.002281123482569143
0.12907,0.13569,PF_coil_3,3.4928310267956946e-10,0.002439628406317493
0.13569,0.14264,PF_coil_3,1.8904658136731753e-10,0.0028075577374107722
0.14264,0.14995999999999998,PF_coil_3,1.641334268764236e-10,0.002722697989325443
0.14995999999999998,0.15764,PF_coil_3,2.347940079382333e-10,0.003124292039707061
0.15764,0.16573,PF_coil_3,2.491819582548344e-10,0.00332957312601454
0.16573,0.17421999999999999,PF_coil_3,2.309876092747435e-10,0.0029656923068363253
0.17421999999999999,0.18316,PF_coil_3,2.886947327004677e-10,0.0025654203936591262
0.18316,0.19255,PF_coil_3,2.042354085578884e-10,0.002829640587451444
0.19255,0.20242,PF_coil_3,1.9374503740836645e-10,0.0030197250825944426
0.20242,0.2128,PF_coil_3,2.2875625596651294e-10,0.0031467012877774217
0.2128,0.22371,PF_coil_3,2.478473538352028e-10,0.0028059590251875584
0.22371,0.23518,PF_coil_3,2.5361534420526265e-10,0.0032615153362643722
0.23518,0.24724,PF_coil_3,2.6200170314741727e-10,0.0025685874914682977
0.24724,0.27324,PF_coil_3,6.18208708541064e-10,0.002567360728486617
0.27324,0.28725,PF_coil_3,2.4362078574197296e-10,0.0031232565370113447
0.28725,0.29452,PF_coil_3,1.3927214891256933e-10,0.003953517599448844
0.29452,0.29721,PF_coil_3,6.132454597669141e-11,0.0049503677126469
0.29721,0.29849,PF_coil_3,2.8545387818539684e-11,0.008357348164440967
0.29849,0.30196999999999996,PF_coil_3,8.218991599922275e-11,0.004731654996194382
0.30196999999999996,0.33372999999999997,PF_coil_3,5.327807505821058e-10,0.002267475132445792
0.33372999999999997,0.36883,PF_coil_3,5.205185544329555e-10,0.0024171442780328446
0.36883,0.38774,PF_coil_3,2.3969968010938143e-10,0.0030663191013436475
0.38774,0.40762,PF_coil_3,1.6928556043896688e-10,0.003198536802785859
0.40762,0.45049,PF_coil_3,3.596297905398748e-10,0.0024733388349815
0.45049,0.49787,PF_coil_3,4.331061831120477e-10,0.002639599692106604
0.49787,0.5234,PF_coil_3,2.401829122435776e-10,0.0029934708030690082
0.5234,0.55023,PF_coil_3,2.400933901750189e-10,0.0036452730767897873
0.55023,0.57844,PF_coil_3,2.5713416846968525e-10,0.0031044111258589193
0.57844,0.6081,PF_coil_3,2.785523207396619e-10,0.0030092663525155194
0.6081,0.63928,PF_coil_3,2.3108204739606278e-10,0.0034082755003070064
0.63928,0.67206,PF_coil_3,2.0793415762851206e-10,0.0038257073761553953
0.67206,0.70651,PF_coil_3,1.8655087200458905e-10,0.004154265931267061
0.70651,0.74274,PF_coil_3,1.4745343844980482e-10,0.0038261014141260236
0.74274,0.78082,PF_coil_3,1.1830017116500017e-10,0.004702040615813838
0.78082,0.82085,PF_coil_3,1.1782432080571745e-10,0.004318480141622482
0.82085,0.8629399999999999,PF_coil_3,1.175511412455866e-10,0.005072326805764082
0.8629399999999999,0.90718,PF_coil_3,1.0081864160152436e-10,0.005540770516190242
0.90718,0.9616699999999999,PF_coil_3,1.1594295393455257e-10,0.0058855177498866726
0.9616699999999999,1.0026,PF_coil_3,6.03716145156188e-11,0.007282458747740353
1.0026,1.1079999999999999,PF_coil_3,1.4985121007488333e-10,0.004714718350271857
1.1079999999999999,1.1648,PF_coil_3,7.330568730680366e-11,0.006396084020326214
1.1648,1.2246,PF_coil_3,6.702551285149397e-11,0.007616853325549159
1.2246,1.2873999999999999,PF_coil_3,4.648586026606405e-11,0.008087490408841021
1.2873999999999999,1.3534,PF_coil_3,4.516771485028581e-11,0.008230709891311897
1.3534,1.4226999999999999,PF_coil_3,4.1135161493099635e-11,0.009086836086050593
1.4226999999999999,1.4957,PF_coil_3,3.117995044800974e-11,0.010383664408095208
1.4957,1.5724,PF_coil_3,2.938140737920695e-11,0.010988715767352731
1.5724,1.653,PF_coil_3,2.886660732533191e-11,0.01086035098811169
1.653,1.7377,PF_coil_3,2.8278969930839983e-11,0.01099916075111523
1.7377,1.8268,PF_coil_3,2.471707287120525e-11,0.01208115374962725
1.8268,1.9204999999999999,PF_coil_3,1.884701029650495e-11,0.013443382035611953
1.9204999999999999,2.019,PF_coil_3,1.6855147661757312e-11,0.014996885458005321
2.019,2.1225,PF_coil_3,1.579704591602814e-11,0.014896337314201761
2.1225,2.2313,PF_coil_3,1.5748736667575223e-11,0.015478951754732758
2.2313,2.3068999999999997,PF_coil_3,1.0061084399283055e-11,0.017536076870290233
2.3068999999999997,2.3457,PF_coil_3,4.630005161114816e-12,0.02110674981164295
2.3457,2.3653,PF_coil_3,2.4587348820778726e-12,0.03263711551573344
2.3653,2.3851,PF_coil_3,2.51353660351832e-12,0.03134501158824669
2.3851,2.4659999999999997,PF_coil_3,7.48437101759311e-12,0.018581808912008568
2.4659999999999997,2.5924,PF_coil_3,1.0193273215054308e-11,0.018766770498816036
2.5924,2.7253,PF_coil_3,1.0414758296923196e-11,0.017015819050048817
2.7253,2.8649999999999998,PF_coil_3,8.777319685004269e-12,0.01857666349324202
2.8649999999999998,3.0119,PF_coil_3,8.057291471148449e-12,0.017956502475408642
3.0119,3.1664,PF_coil_3,6.938808288196985e-12,0.02038211339958612
3.1664,3.3287,PF_coil_3,6.592894477671165e-12,0.02257178008813145
3.3287,3.6788,PF_coil_3,1.112987414329451e-11,0.017932700020606224
3.6788,4.0657,PF_coil_3,9.023056207534892e-12,0.01821852517660994
4.0657,4.4933,PF_coil_3,8.105097398101614e-12,0.020994345272006096
4.4933,4.7237,PF_coil_3,3.5339575070823893e-12,0.02785393555975289
4.7237,4.9658,PF_coil_3,3.5684559862333793e-12,0.030196177108288456
4.9658,5.2204999999999995,PF_coil_3,3.455742097538235e-12,0.02874149581048971
5.2204999999999995,5.488099999999999,PF_coil_3,3.2072191925731626e-12,0.03225015936405434
5.488099999999999,5.7695,PF_coil_3,3.1347540284064667e-12,0.034397938464740395
5.7695,6.0653,PF_coil_3,2.7551686721798334e-12,0.04057702295333902
6.0653,6.3763,PF_coil_3,2.8288362528435514e-12,0.031671713345857874
6.3763,6.5924,PF_coil_3,1.7878319031614198e-12,0.047325244877222505
6.5924,6.7032,PF_coil_3,8.280444350793605e-13,0.06288710431342553
6.7032,7.0469,PF_coil_3,2.5643318357595e-12,0.043618050785941574
7.0469,7.4082,PF_coil_3,2.4351721630182578e-12,0.03995137992507443
7.4082,7.787999999999999,PF_coil_3,2.2440603730074603e-12,0.0378488650270571
7.787999999999999,8.1873,PF_coil_3,2.649744240438093e-12,0.0402555013296343
8.1873,8.607099999999999,PF_coil_3,2.480017731378754e-12,0.042188113944568534
8.607099999999999,9.048399999999999,PF_coil_3,2.69224206973546e-12,0.0343832303986567
9.048399999999999,9.5123,PF_coil_3,2.761154079897701e-12,0.03945231317826572
9.5123,10.0,PF_coil_3,2.6102064816812134e-12,0.03467744442304461
10.0,10.513,PF_coil_3,2.8390541887691884e-12,0.03574147797908164
10.513,11.052,PF_coil_3,3.3760969655483088e-12,0.03288947406609478
11.052,11.618,PF_coil_3,2.5527131247182025e-12,0.043550847222139664
11.618,12.213999999999999,PF_coil_3,4.0768213051808575e-12,0.036596417565455924
12.213999999999999,12.523,PF_coil_3,3.4925156728945245e-12,0.03346196716155681
12.523,12.84,PF_coil_3,3.533591494611552e-12,0.03288404639998724
12.84,13.498999999999999,PF_coil_3,1.2728714722866809e-11,0.01772281852923384
13.498999999999999,13.84,PF_coil_3,1.2279267367328979e-11,0.017966972169325142
13.84,14.190999999999999,PF_coil_3,1.3073495084554628e-11,0.015382376574797135
14.190999999999999,14.549999999999999,PF_coil_3,0.0,
14.549999999999999,14.918,PF_coil_3,0.0,
14.918,15.683,PF_coil_3,0.0,
15.683,16.487,PF_coil_3,0.0,
16.487,16.904999999999998,PF_coil_3,0.0,
16.904999999999998,17.332,PF_coil_3,0.0,
17.332,19.64,PF_coil_3,0.0,
1.0000000000000001e-11,1e-07,PF_coil_2,1.6652444645488046e-11,0.010068954733999123
1e-07,4.1399e-07,PF_coil_2,5.5827575914018736e-11,0.008030593103649267
4.1399e-07,5.3158e-07,PF_coil_2,1.697984180540495e-11,0.008926751980194375
5.3158e-07,6.825599999999999e-07,PF_coil_2,1.983946613147322e-11,0.00971975019097348
6.825599999999999e-07,8.7643e-07,PF_coil_2,2.2869878904862868e-11,0.009240427078899612
8.7643e-07,1.1252999999999998e-06,PF_coil_2,2.566040517420123e-11,0.008822860974485114
1.1252999999999998e-06,1.445e-06,PF_coil_2,2.8833340117176084e-11,0.007944119449924548
1.445e-06,1.8553999999999998e-06,PF_coil_2,3.2017060028245167e-11,0.00823546323775044
1.8553999999999998e-06,2.3824e-06,PF_coil_2,3.484983225271443e-11,0.006936382332878075
2.3824e-06,3.059e-06,PF_coil_2,3.79117702032691e-11,0.007376996400203746
3.059e-06,3.9279e-06,PF_coil_2,4.0012770681817884e-11,0.00737384139783377
3.9279e-06,5.043499999999999e-06,PF_coil_2,4.3230100484297164e-11,0.006719394861377448
5.043499999999999e-06,6.4759e-06,PF_coil_2,4.601899042990464e-11,0.006682910493565472
6.4759e-06,8.3153e-06,PF_coil_2,4.8263259059486413e-11,0.00581240918704485
8.3153e-06,1.0677e-05,PF_coil_2,5.044793576104446e-11,0.005699981003745704
1.0677e-05,1.3710000000000001e-05,PF_coil_2,5.176864989390536e-11,0.00591695303980529
1.3710000000000001e-05,1.7604e-05,PF_coil_2,5.360284308763922e-11,0.004984467625196088
1.7604e-05,2.2603e-05,PF_coil_2,5.5463795722721765e-11,0.004987533791873762
2.2603e-05,2.9023e-05,PF_coil_2,5.6139423114071285e-11,0.005164693708826045
2.9023e-05,3.7266e-05,PF_coil_2,5.580897230374122e-11,0.005441073401783041
3.7266e-05,4.7851e-05,PF_coil_2,5.502980624314881e-11,0.0048705850209184165
4.7851e-05,6.1442e-05,PF_coil_2,6.397772353319043e-11,0.005237527980074394
6.1442e-05,7.889299999999999e-05,PF_coil_2,6.452146954473084e-11,0.005515865107792068
7.889299999999999e-05,0.0001013,PF_coil_2,6.541682659322233e-11,0.005019893100274281
0.0001013,0.00013006999999999998,PF_coil_2,6.536006664132875e-11,0.005461179029065907
0.00013006999999999998,0.00016702,PF_coil_2,6.437501795662255e-11,0.004854126232042678
0.00016702,0.00021444999999999998,PF_coil_2,6.842207339830556e-11,0.005000540137628576
0.00021444999999999998,0.00027536,PF_coil_2,7.23256385416869e-11,0.004967130315176839
0.00027536,0.00035358,PF_coil_2,5.0026052987792285e-11,0.005194946427430113
0.00035358,0.000454,PF_coil_2,5.7803860952755976e-11,0.0052883001590856024
0.000454,0.00058295,PF_coil_2,6.713186660583598e-11,0.004407779127393334
0.00058295,0.0007485199999999999,PF_coil_2,7.802947976286363e-11,0.004831472873889718
0.0007485199999999999,0.00096112,PF_coil_2,8.43949693067574e-11,0.005083360402740287
0.00096112,0.0012341,PF_coil_2,7.977838211018199e-11,0.005121798425565624
0.0012341,0.0015845999999999998,PF_coil_2,9.969054043203817e-11,0.00470339577711415
0.0015845999999999998,0.0020347,PF_coil_2,1.0073537738328178e-10,0.004122997103332153
0.0020347,0.0022486999999999997,PF_coil_2,1.9271490904890702e-11,0.005300449836169503
0.0022486999999999997,0.0024852,PF_coil_2,2.4648952393774674e-11,0.0053688372471457696
0.0024852,0.0026125999999999996,PF_coil_2,8.89699551510115e-12,0.005409054312006074
0.0026125999999999996,0.0027465,PF_coil_2,1.1463080464684514e-11,0.006317238433061741
0.0027465,0.0030354,PF_coil_2,3.42443664551637e-11,0.004896127260033811
0.0030354,0.0033545999999999997,PF_coil_2,3.769535553110183e-11,0.004963462947519655
0.0033545999999999997,0.0037074,PF_coil_2,3.844055751312041e-11,0.005480470254744142
0.0037074,0.004307399999999999,PF_coil_2,4.7919668589481135e-11,0.0049515213645563395
0.004307399999999999,0.0055308,PF_coil_2,8.309711595516296e-11,0.004186843998165788
0.0055308,0.0071017,PF_coil_2,8.661279086174114e-11,0.004393767478505156
0.0071017,0.009118799999999998,PF_coil_2,6.459719211422561e-11,0.004774614421122898
0.009118799999999998,0.010595,PF_coil_2,5.064129367609401e-11,0.004229453410352169
0.010595,0.011708999999999999,PF_coil_2,3.821910398761281e-11,0.006060477861636383
0.011708999999999999,0.015033999999999999,PF_coil_2,9.526856815372675e-11,0.004939809673729712
0.015033999999999999,0.019303999999999998,PF_coil_2,8.762650458165906e-11,0.004783496514086208
0.019303999999999998,0.021875,PF_coil_2,6.056649248711103e-11,0.005445759097088612
0.021875,0.023579,PF_coil_2,4.685468838553839e-11,0.005977719212597074
0.023579,0.024176,PF_coil_2,1.9172625733254354e-11,0.00876235409057538
0.024176,0.024787999999999998,PF_coil_2,2.4518123870686292e-11,0.008687809216594556
0.024787999999999998,0.026057999999999998,PF_coil_2,2.82023520803253e-11,0.006739758259304843
0.026057999999999998,0.027,PF_coil_2,1.483891245243565e-11,0.006857738611036897
0.027,0.028501,PF_coil_2,7.310387926072312e-12,0.0069948480076348525
0.028501,0.031827999999999995,PF_coil_2,2.5966001054244263e-11,0.006031985908639866
0.031827999999999995,0.034307,PF_coil_2,2.7465921674211986e-11,0.006472232739934822
0.034307,0.040868,PF_coil_2,7.436698097127085e-11,0.0050719437879066295
0.040868,0.046308999999999996,PF_coil_2,6.469781954963826e-11,0.005512274818714369
0.046308999999999996,0.052475,PF_coil_2,6.633377567150297e-11,0.004745813241119665
0.052475,0.056561999999999994,PF_coil_2,3.343412345281225e-11,0.0064669838823403466
0.056561999999999994,0.06738,PF_coil_2,9.70336966539457e-11,0.004324498504462928
0.06738,0.07202399999999999,PF_coil_2,4.8099551796206046e-11,0.006168774557722299
0.07202399999999999,0.079499,PF_coil_2,5.43858662143007e-11,0.006380444872087228
0.079499,0.08250299999999999,PF_coil_2,2.987246939560775e-11,0.006540472051094058
0.08250299999999999,0.086517,PF_coil_2,1.6291315877451677e-11,0.007372757411247706
0.086517,0.098036,PF_coil_2,6.55660757652474e-11,0.004933552205051912
0.098036,0.11109,PF_coil_2,6.900507942986736e-11,0.004854094597158681
0.11109,0.11678999999999999,PF_coil_2,3.720410152605889e-11,0.006466508674533818
0.11678999999999999,0.12276999999999999,PF_coil_2,4.23058353746711e-11,0.006603015315176893
0.12276999999999999,0.12907,PF_coil_2,4.3171551884471033e-11,0.006049114366475457
0.12907,0.13569,PF_coil_2,4.824659397931776e-11,0.006442484956982584
0.13569,0.14264,PF_coil_2,2.566335793529881e-11,0.006903840831791338
0.14264,0.14995999999999998,PF_coil_2,2.2163436169449196e-11,0.006791031678386701
0.14995999999999998,0.15764,PF_coil_2,3.1640308513929224e-11,0.006729767644541575
0.15764,0.16573,PF_coil_2,3.3555698137955906e-11,0.006713823637424964
0.16573,0.17421999999999999,PF_coil_2,3.136142542946821e-11,0.007002342768727446
0.17421999999999999,0.18316,PF_coil_2,3.873698545850866e-11,0.005891442478515601
0.18316,0.19255,PF_coil_2,2.7444154521861794e-11,0.0071262478480656
0.19255,0.20242,PF_coil_2,2.5908044420050974e-11,0.006466742931503162
0.20242,0.2128,PF_coil_2,3.040698755100913e-11,0.007682099049779256
0.2128,0.22371,PF_coil_2,3.3076133430959355e-11,0.007598857920469401
0.22371,0.23518,PF_coil_2,3.374800281134716e-11,0.006503967670598195
0.23518,0.24724,PF_coil_2,3.4889894508088504e-11,0.006759251899619467
0.24724,0.27324,PF_coil_2,8.116839265353094e-11,0.005693855766438754
0.27324,0.28725,PF_coil_2,3.159449688035096e-11,0.0074112422522390215
0.28725,0.29452,PF_coil_2,1.834858709089857e-11,0.0069383872230973495
0.29452,0.29721,PF_coil_2,8.03675893273508e-12,0.015745821130918013
0.29721,0.29849,PF_coil_2,3.7519212893128555e-12,0.016424579281182797
0.29849,0.30196999999999996,PF_coil_2,1.0766041471468287e-11,0.012681375059510995
0.30196999999999996,0.33372999999999997,PF_coil_2,6.791087433101469e-11,0.006493838341016056
0.33372999999999997,0.36883,PF_coil_2,6.612745777786919e-11,0.005725749940429831
0.36883,0.38774,PF_coil_2,3.070033969642928e-11,0.007487674559469674
0.38774,0.40762,PF_coil_2,2.1551080902732174e-11,0.009089812159654948
0.40762,0.45049,PF_coil_2,4.501152332695509e-11,0.006501415982704466
0.45049,0.49787,PF_coil_2,5.417459368247808e-11,0.00709318090140336
0.49787,0.5234,PF_coil_2,2.920725276750792e-11,0.00879379755294371
0.5234,0.55023,PF_coil_2,2.9560953598610195e-11,0.00879932543419326
0.55023,0.57844,PF_coil_2,3.178257856759568e-11,0.008633843005258442
0.57844,0.6081,PF_coil_2,3.4313950158896414e-11,0.008056654870929983
0.6081,0.63928,PF_coil_2,2.7172097748402604e-11,0.008245926384044661
0.63928,0.67206,PF_coil_2,2.4332244966908386e-11,0.01098628465840916
0.67206,0.70651,PF_coil_2,2.1176867219140623e-11,0.009055943134492546
0.70651,0.74274,PF_coil_2,1.6934489937999534e-11,0.012229162264622003
0.74274,0.78082,PF_coil_2,1.291492292139156e-11,0.011845434947116963
0.78082,0.82085,PF_coil_2,1.3260264584474022e-11,0.010954305577589883
0.82085,0.8629399999999999,PF_coil_2,1.3009455966728144e-11,0.01159904779438254
0.8629399999999999,0.90718,PF_coil_2,1.1146971715915349e-11,0.013958321707007226
0.90718,0.9616699999999999,PF_coil_2,1.252839240478075e-11,0.01334882954471786
0.9616699999999999,1.0026,PF_coil_2,6.110891794186764e-12,0.01768736195581681
1.0026,1.1079999999999999,PF_coil_2,1.5612111016342325e-11,0.013521333969458314
1.1079999999999999,1.1648,PF_coil_2,7.541819355820481e-12,0.01699319429899175
1.1648,1.2246,PF_coil_2,6.822664288016955e-12,0.019311646795717702
1.2246,1.2873999999999999,PF_coil_2,4.756009257171286e-12,0.022652483646240205
1.2873999999999999,1.3534,PF_coil_2,4.636383414494253e-12,0.026318835097841636
1.3534,1.4226999999999999,PF_coil_2,4.14130351334041e-12,0.02332197188253736
1.4226999999999999,1.4957,PF_coil_2,3.0799538252979157e-12,0.026424214075031347
1.4957,1.5724,PF_coil_2,2.7918028020592297e-12,0.03039340962616644
1.5724,1.653,PF_coil_2,2.7266976061968635e-12,0.03068626772626636
1.653,1.7377,PF_coil_2,2.69066539057586e-12,0.029202002217037972
1.7377,1.8268,PF_coil_2,2.35533676534599e-12,0.03236749755704214
1.8268,1.9204999999999999,PF_coil_2,1.8213151804014258e-12,0.04105933503543515
1.9204999999999999,2.019,PF_coil_2,1.5657742613887694e-12,0.04648289892563982
2.019,2.1225,PF_coil_2,1.398475643855562e-12,0.03873024564733581
2.1225,2.2313,PF_coil_2,1.3573690787575838e-12,0.036359947074477934
2.2313,2.3068999999999997,PF_coil_2,9.157698078418258e-13,0.04907201128475821
2.3068999999999997,2.3457,PF_coil_2,4.139725026951792e-13,0.07153808471181845
2.3457,2.3653,PF_coil_2,2.515621278589612e-13,0.09151066578071783
2.3653,2.3851,PF_coil_2,2.3161062136057794e-13,0.08581802119590518
2.3851,2.4659999999999997,PF_coil_2,7.424783024701241e-13,0.06217692129640163
2.4659999999999997,2.5924,PF_coil_2,9.132370691836042e-13,0.04730212592780195
2.5924,2.7253,PF_coil_2,8.917509607552519e-13,0.05278710896680046
2.7253,2.8649999999999998,PF_coil_2,7.229459147757404e-13,0.05758272156108621
2.8649999999999998,3.0119,PF_coil_2,6.603125465116461e-13,0.06448599080439792
3.0119,3.1664,PF_coil_2,5.202999335890757e-13,0.06107544010664631
3.1664,3.3287,PF_coil_2,5.675602492687994e-13,0.06091163693398594
3.3287,3.6788,PF_coil_2,8.584292544165611e-13,0.055889756115825494
3.6788,4.0657,PF_coil_2,6.371045616463168e-13,0.055941893329623016
4.0657,4.4933,PF_coil_2,6.51450664024321e-13,0.06192095985977098
4.4933,4.7237,PF_coil_2,2.4152612345379695e-13,0.09468349033300351
4.7237,4.9658,PF_coil_2,2.2821838431008297e-13,0.09571875418385202
4.9658,5.2204999999999995,PF_coil_2,2.0422023718300385e-13,0.10226725641358662
5.2204999999999995,5.488099999999999,PF_coil_2,2.8789899859148973e-13,0.08474757711029249
5.488099999999999,5.7695,PF_coil_2,1.9952308190186296e-13,0.11109583478789925
5.7695,6.0653,PF_coil_2,1.9533585100049207e-13,0.1099953360448957
6.0653,6.3763,PF_coil_2,1.7513995825543356e-13,0.13112374278095767
6.3763,6.5924,PF_coil_2,1.177393830855282e-13,0.14494205449573966
6.5924,6.7032,PF_coil_2,6.02597383662469e-14,0.20630770519222488
6.7032,7.0469,PF_coil_2,1.550444748345258e-13,0.1288391726390947
7.0469,7.4082,PF_coil_2,1.7351730146062921e-13,0.12816602380576433
7.4082,7.787999999999999,PF_coil_2,1.1852089968798426e-13,0.13823449157466464
7.787999999999999,8.1873,PF_coil_2,1.4264613089862317e-13,0.12763531767317102
8.1873,8.607099999999999,PF_coil_2,1.6138452960411281e-13,0.11893756100608513
8.607099999999999,9.048399999999999,PF_coil_2,2.0952841629515017e-13,0.12033538870897481
9.048399999999999,9.5123,PF_coil_2,1.9078524771780427e-13,0.1314794239855365
9.5123,10.0,PF_coil_2,1.710163669326391e-13,0.11333567694550598
10.0,10.513,PF_coil_2,1.8128526964347128e-13,0.12564321765864275
10.513,11.052,PF_coil_2,2.531437474461449e-13,0.1134367217176285
11.052,11.618,PF_coil_2,2.5106178038852775e-13,0.10068924386074904
11.618,12.213999999999999,PF_coil_2,3.049692360771028e-13,0.09805376037443518
12.213999999999999,12.523,PF_coil_2,1.8662736698294925e-13,0.15180906194834903
12.523,12.84,PF_coil_2,1.6411251846385035e-13,0.1237027972906985
12.84,13.498999999999999,PF_coil_2,8.650724362497661e-13,0.06668542665027165
13.498999999999999,13.84,PF_coil_2,3.6733051035366786e-13,0.0973531453812028
13.84,14.190999999999999,PF_coil_2,1.5726300127956093e-13,0.16075050043925213
14.190999999999999,14.549999999999999,PF_coil_2,0.0,
14.549999999999999,14.918,PF_coil_2,0.0,
14.918,15.683,PF_coil_2,0.0,
15.683,16.487,PF_coil_2,0.0,
16.487,16.904999999999998,PF_coil_2,0.0,
16.904999999999998,17.332,PF_coil_2,0.0,
17.332,19.64,PF_coil_2,0.0,
1.0000000000000001e-11,1e-07,PF_coil_4,7.734136687660805e-11,0.006040365981160955
1e-07,4.1399e-07,PF_coil_4,2.6091746496941153e-10,0.004040563525812677
4.1399e-07,5.3158e-07,PF_coil_4,7.995242736240364e-11,0.004206357687739897
5.3158e-07,6.825599999999999e-07,PF_coil_4,9.19622933282405e-11,0.004933167347942022
6.825599999999999e-07,8.7643e-07,PF_coil_4,1.064686383439301e-10,0.004334843683678055
8.7643e-07,1.1252999999999998e-06,PF_coil_4,1.1995472684056022e-10,0.00415747550550525
1.1252999999999998e-06,1.445e-06,PF_coil_4,1.348859485291187e-10,0.0039790103730338615
1.445e-06,1.8553999999999998e-06,PF_coil_4,1.4919517521223154e-10,0.0038840886601091956
1.8553999999999998e-06,2.3824e-06,PF_coil_4,1.623250280930347e-10,0.003987751606320747
2.3824e-06,3.059e-06,PF_coil_4,1.7646162606688094e-10,0.0037043471012156316
3.059e-06,3.9279e-06,PF_coil_4,1.897811293362174e-10,0.0039437517674120294
3.9279e-06,5.043499999999999e-06,PF_coil_4,2.0359938369197077e-10,0.003789169145850525
5.043499999999999e-06,6.4759e-06,PF_coil_4,2.16969065757369e-10,0.0034405655786562904
6.4759e-06,8.3153e-06,PF_coil_4,2.2754113055913572e-10,0.0032919864749738716
8.3153e-06,1.0677e-05,PF_coil_4,2.401039983465656e-10,0.0031869068918217473
1.0677e-05,1.3710000000000001e-05,PF_coil_4,2.4897165954201907e-10,0.003006104414303995
1.3710000000000001e-05,1.7604e-05,PF_coil_4,2.592106851484464e-10,0.0030596982981033675
1.7604e-05,2.2603e-05,PF_coil_4,2.6731594463309405e-10,0.0028619939332684974
2.2603e-05,2.9023e-05,PF_coil_4,2.730947861678116e-10,0.0028150286929145975
2.9023e-05,3.7266e-05,PF_coil_4,2.7427534999405115e-10,0.0029061254495427323
3.7266e-05,4.7851e-05,PF_coil_4,2.661601473435674e-10,0.0027428843971052095
4.7851e-05,6.1442e-05,PF_coil_4,3.11506737524696e-10,0.002414616621514844
6.1442e-05,7.889299999999999e-05,PF_coil_4,3.1735704871193856e-10,0.0025866536270693435
7.889299999999999e-05,0.0001013,PF_coil_4,3.244915698004556e-10,0.0023454658418285094
0.0001013,0.00013006999999999998,PF_coil_4,3.2444874075397443e-10,0.002553234479827872
0.00013006999999999998,0.00016702,PF_coil_4,3.2440171921153087e-10,0.002758578149825765
0.00016702,0.00021444999999999998,PF_coil_4,3.451031086275587e-10,0.0029430892439905438
0.00021444999999999998,0.00027536,PF_coil_4,3.676627487007963e-10,0.002730810179295627
0.00027536,0.00035358,PF_coil_4,2.5487822236817713e-10,0.00276282250378815
0.00035358,0.000454,PF_coil_4,2.917667758588567e-10,0.0030881555894416283
0.000454,0.00058295,PF_coil_4,3.3994010359124743e-10,0.0028109724711943753
0.00058295,0.0007485199999999999,PF_coil_4,3.990085396104787e-10,0.0024418177502158684
0.0007485199999999999,0.00096112,PF_coil_4,4.3167549440891854e-10,0.002289391129925945
0.00096112,0.0012341,PF_coil_4,4.1193092438174513e-10,0.0026836335597429997
0.0012341,0.0015845999999999998,PF_coil_4,5.185098184319535e-10,0.0024843113915639253
0.0015845999999999998,0.0020347,PF_coil_4,5.29650113420608e-10,0.002184766334566663
0.0020347,0.0022486999999999997,PF_coil_4,1.0113652398969922e-10,0.0028352939718273677
0.0022486999999999997,0.0024852,PF_coil_4,1.3032897364984958e-10,0.002766734584958725
0.0024852,0.0026125999999999996,PF_coil_4,4.7197452696225693e-11,0.003572955285791712
0.0026125999999999996,0.0027465,PF_coil_4,6.04032434461339e-11,0.0036455742296120602
0.0027465,0.0030354,PF_coil_4,1.8053802298460475e-10,0.002808544730204741
0.0030354,0.0033545999999999997,PF_coil_4,1.9964731066925874e-10,0.002642901012251687
0.0033545999999999997,0.0037074,PF_coil_4,2.0450933347536493e-10,0.002418359637506563
0.0037074,0.004307399999999999,PF_coil_4,2.5659161331044167e-10,0.0023634443233135445
0.004307399999999999,0.0055308,PF_coil_4,4.441230552016375e-10,0.0021926985729814464
0.0055308,0.0071017,PF_coil_4,4.660166426339017e-10,0.002248089726819621
0.0071017,0.009118799999999998,PF_coil_4,3.4578207523366375e-10,0.002265866644932303
0.009118799999999998,0.010595,PF_coil_4,2.707437520305595e-10,0.0025226816352703417
0.010595,0.011708999999999999,PF_coil_4,2.0431502702681526e-10,0.0027579011658113617
0.011708999999999999,0.015033999999999999,PF_coil_4,5.13476293831499e-10,0.002330922272745557
0.015033999999999999,0.019303999999999998,PF_coil_4,4.687093552733031e-10,0.002192363263152383
0.019303999999999998,0.021875,PF_coil_4,3.225641929574091e-10,0.0027786645648138386
0.021875,0.023579,PF_coil_4,2.4627500748470925e-10,0.0027240285566785187
0.023579,0.024176,PF_coil_4,1.0330015197551353e-10,0.004827264156231378
0.024176,0.024787999999999998,PF_coil_4,1.3276084838014043e-10,0.00374228817964642
0.024787999999999998,0.026057999999999998,PF_coil_4,1.5169097545911677e-10,0.003134560274437976
0.026057999999999998,0.027,PF_coil_4,8.219707172860522e-11,0.003955129747981783
0.027,0.028501,PF_coil_4,4.0600771373726624e-11,0.002819622562285057
0.028501,0.031827999999999995,PF_coil_4,1.4455858715925376e-10,0.002736922720550847
0.031827999999999995,0.034307,PF_coil_4,1.5206894021129122e-10,0.0025943612797906055
0.034307,0.040868,PF_coil_4,4.0863537152916367e-10,0.0021344491673235804
0.040868,0.046308999999999996,PF_coil_4,3.5455264097530147e-10,0.002244424759782877
0.046308999999999996,0.052475,PF_coil_4,3.6675373993943757e-10,0.0024134105184392017
0.052475,0.056561999999999994,PF_coil_4,1.862761223446199e-10,0.0033368854456860444
0.056561999999999994,0.06738,PF_coil_4,5.388998630951243e-10,0.0022306885283026497
0.06738,0.07202399999999999,PF_coil_4,2.6641878080834513e-10,0.0031836264964540477
0.07202399999999999,0.079499,PF_coil_4,3.036249144765561e-10,0.002545935172353558
0.079499,0.08250299999999999,PF_coil_4,1.642502160661064e-10,0.0032812882875971534
0.08250299999999999,0.086517,PF_coil_4,9.272173474563784e-11,0.0035688227108904044
0.086517,0.098036,PF_coil_4,3.738737854193203e-10,0.0023299824759702003
0.098036,0.11109,PF_coil_4,3.9272073284145806e-10,0.002812400267505823
0.11109,0.11678999999999999,PF_coil_4,2.1253779777217609e-10,0.0033312199142613652
0.11678999999999999,0.12276999999999999,PF_coil_4,2.3874052890586993e-10,0.0031640617341978775
0.12276999999999999,0.12907,PF_coil_4,2.445717796405972e-10,0.003217609175389391
0.12907,0.13569,PF_coil_4,2.7781670236104195e-10,0.0033358487754451905
0.13569,0.14264,PF_coil_4,1.517593204030828e-10,0.0034130181211536694
0.14264,0.14995999999999998,PF_coil_4,1.336988055514561e-10,0.003185746548891311
0.14995999999999998,0.15764,PF_coil_4,1.8977219579478924e-10,0.0031862401076210092
0.15764,0.16573,PF_coil_4,2.0011772772624963e-10,0.0034111767202764155
0.16573,0.17421999999999999,PF_coil_4,1.8675670087386471e-10,0.002885166191115997
0.17421999999999999,0.18316,PF_coil_4,2.3352145169930317e-10,0.0030556618199105187
0.18316,0.19255,PF_coil_4,1.6507384397667907e-10,0.0034120931037503214
0.19255,0.20242,PF_coil_4,1.5872815635893228e-10,0.0032124920086296547
0.20242,0.2128,PF_coil_4,1.874800522635797e-10,0.002995908613926713
0.2128,0.22371,PF_coil_4,2.0386697633505949e-10,0.0030458031154185837
0.22371,0.23518,PF_coil_4,2.0977914646869988e-10,0.0029713021272105658
0.23518,0.24724,PF_coil_4,2.1565021097156797e-10,0.0031512820524380045
0.24724,0.27324,PF_coil_4,5.090935985471483e-10,0.0025509561613541428
0.27324,0.28725,PF_coil_4,2.023565919020192e-10,0.003341509164107188
0.28725,0.29452,PF_coil_4,1.1459404671418885e-10,0.0037311432316524417
0.29452,0.29721,PF_coil_4,5.0820634542196874e-11,0.006874694575269494
0.29721,0.29849,PF_coil_4,2.3863292038494303e-11,0.008364223107842244
0.29849,0.30196999999999996,PF_coil_4,6.890252383165073e-11,0.005723345101968422
0.30196999999999996,0.33372999999999997,PF_coil_4,4.476570736127681e-10,0.0026074869569434776
0.33372999999999997,0.36883,PF_coil_4,4.415243157996899e-10,0.002911982364606359
0.36883,0.38774,PF_coil_4,2.0622520934728257e-10,0.0036234916791765236
0.38774,0.40762,PF_coil_4,1.4841462194114196e-10,0.004154513238481269
0.40762,0.45049,PF_coil_4,3.1332572592784826e-10,0.0030738512673930897
0.45049,0.49787,PF_coil_4,3.77846911226573e-10,0.003373211344895027
0.49787,0.5234,PF_coil_4,2.0900224632390048e-10,0.0035668571030490113
0.5234,0.55023,PF_coil_4,2.1105874090014028e-10,0.0039138438802591114
0.55023,0.57844,PF_coil_4,2.2555117297631457e-10,0.003700751055755335
0.57844,0.6081,PF_coil_4,2.459707790258505e-10,0.003575942305242905
0.6081,0.63928,PF_coil_4,2.0669698026044387e-10,0.003406401527161822
0.63928,0.67206,PF_coil_4,1.910601971507933e-10,0.004184364889916799
0.67206,0.70651,PF_coil_4,1.7253555210591324e-10,0.0041302795761809265
0.70651,0.74274,PF_coil_4,1.4035824930222275e-10,0.004298679996173545
0.74274,0.78082,PF_coil_4,1.1369365245825462e-10,0.0053279953705038735
0.78082,0.82085,PF_coil_4,1.1367430390519473e-10,0.004923923716831142
0.82085,0.8629399999999999,PF_coil_4,1.1345766722340064e-10,0.005869341294711925
0.8629399999999999,0.90718,PF_coil_4,9.820150067752338e-11,0.006291714520798163
0.90718,0.9616699999999999,PF_coil_4,1.128260163897238e-10,0.005451017567910678
0.9616699999999999,1.0026,PF_coil_4,6.01493971863581e-11,0.007042031644460177
1.0026,1.1079999999999999,PF_coil_4,1.5188999356246753e-10,0.005618655984971439
1.1079999999999999,1.1648,PF_coil_4,7.560957829186579e-11,0.006660603109561239
1.1648,1.2246,PF_coil_4,6.942747914303367e-11,0.006606870787424382
1.2246,1.2873999999999999,PF_coil_4,5.13633281454565e-11,0.007487461964980603
1.2873999999999999,1.3534,PF_coil_4,4.806673770869619e-11,0.0076027271521478396
1.3534,1.4226999999999999,PF_coil_4,4.512296887953451e-11,0.009946010908815268
1.4226999999999999,1.4957,PF_coil_4,3.584970880344974e-11,0.007932056540003772
1.4957,1.5724,PF_coil_4,3.2974705137235453e-11,0.010088095836046949
1.5724,1.653,PF_coil_4,3.293318461631829e-11,0.009210992325054467
1.653,1.7377,PF_coil_4,3.23879118946439e-11,0.0100797660550456
1.7377,1.8268,PF_coil_4,2.8795197191910813e-11,0.011704870055373542
1.8268,1.9204999999999999,PF_coil_4,2.3223396970743667e-11,0.012943883167888491
1.9204999999999999,2.019,PF_coil_4,2.100470276023248e-11,0.014082458651278463
2.019,2.1225,PF_coil_4,2.0001006635093417e-11,0.012683254467214012
2.1225,2.2313,PF_coil_4,1.9124670884476032e-11,0.011246708558170762
2.2313,2.3068999999999997,PF_coil_4,1.231995761791268e-11,0.015526106511655716
2.3068999999999997,2.3457,PF_coil_4,5.433800132968517e-12,0.024296769037932625
2.3457,2.3653,PF_coil_4,3.0729480670929295e-12,0.031913900830533456
2.3653,2.3851,PF_coil_4,2.932148994382985e-12,0.027707706455655845
2.3851,2.4659999999999997,PF_coil_4,1.0259860595846376e-11,0.017001179984153167
2.4659999999999997,2.5924,PF_coil_4,1.287623026881801e-11,0.014558292101888646
2.5924,2.7253,PF_coil_4,1.2939080296872748e-11,0.014518058082593715
2.7253,2.8649999999999998,PF_coil_4,1.1316861433059561e-11,0.01733408687950267
2.8649999999999998,3.0119,PF_coil_4,1.0516310023337105e-11,0.01910681371708984
3.0119,3.1664,PF_coil_4,9.38336578409902e-12,0.019143882723439556
3.1664,3.3287,PF_coil_4,8.849244111974202e-12,0.0201990859364435
3.3287,3.6788,PF_coil_4,1.5096064932700134e-11,0.015072183841545371
3.6788,4.0657,PF_coil_4,1.2977446586325061e-11,0.01763270826978014
4.0657,4.4933,PF_coil_4,1.1569998919684316e-11,0.016227507995849013
4.4933,4.7237,PF_coil_4,5.350143402835342e-12,0.02573097070832847
4.7237,4.9658,PF_coil_4,5.044262026938697e-12,0.02679377676448877
4.9658,5.2204999999999995,PF_coil_4,4.758793414031462e-12,0.02363608334553057
5.2204999999999995,5.488099999999999,PF_coil_4,4.584906607530867e-12,0.029711745658824455
5.488099999999999,5.7695,PF_coil_4,4.233435878945498e-12,0.029086981142724476
5.7695,6.0653,PF_coil_4,4.209321237110582e-12,0.029788084055685417
6.0653,6.3763,PF_coil_4,4.036454357081219e-12,0.02870271727839212
6.3763,6.5924,PF_coil_4,2.6698956330190185e-12,0.036131678381236675
6.5924,6.7032,PF_coil_4,1.2852940276546326e-12,0.047554631828169304
6.7032,7.0469,PF_coil_4,3.619584758146795e-12,0.03299325088696032
7.0469,7.4082,PF_coil_4,3.687508224458101e-12,0.03154345814310689
7.4082,7.787999999999999,PF_coil_4,3.367604726703663e-12,0.03088475384216885
7.787999999999999,8.1873,PF_coil_4,3.2866154512822045e-12,0.03542581230240253
8.1873,8.607099999999999,PF_coil_4,3.5639733797719776e-12,0.02742032462475097
8.607099999999999,9.048399999999999,PF_coil_4,3.974540123444239e-12,0.03003072411386069
9.048399999999999,9.5123,PF_coil_4,4.215750128924903e-12,0.03124132528382629
9.5123,10.0,PF_coil_4,3.6287813480638345e-12,0.03459592322647138
10.0,10.513,PF_coil_4,4.138961928320465e-12,0.030707728955041706
10.513,11.052,PF_coil_4,5.088545588162084e-12,0.030343375863413978
11.052,11.618,PF_coil_4,3.703957594878717e-12,0.030567494963051434
11.618,12.213999999999999,PF_coil_4,5.011602180583606e-12,0.028179566048265325
12.213999999999999,12.523,PF_coil_4,4.478315543027577e-12,0.02718570523358289
12.523,12.84,PF_coil_4,4.452126791711301e-12,0.031767874107828026
12.84,13.498999999999999,PF_coil_4,1.8041969126548655e-11,0.015405217845394847
13.498999999999999,13.84,PF_coil_4,2.583369525134243e-11,0.013381150118869319
13.84,14.190999999999999,PF_coil_4,8.213865867756329e-11,0.007302921331771757
14.190999999999999,14.549999999999999,PF_coil_4,0.0,
14.549999999999999,14.918,PF_coil_4,0.0,
14.918,15.683,PF_coil_4,0.0,
15.683,16.487,PF_coil_4,0.0,
16.487,16.904999999999998,PF_coil_4,0.0,
16.904999999999998,17.332,PF_coil_4,0.0,
17.332,19.64,PF_coil_4,0.0,
1.0000000000000001e-11,1e-07,PF_coil_1,3.0771382606018506e-11,0.007946591102311261
1e-07,4.1399e-07,PF_coil_1,1.0457641685858091e-10,0.005245013500469445
4.1399e-07,5.3158e-07,PF_coil_1,3.1341729178658974e-11,0.006906000462609843
5.3158e-07,6.825599999999999e-07,PF_coil_1,3.670402401362803e-11,0.006398217402569694
6.825599999999999e-07,8.7643e-07,PF_coil_1,4.184658945300916e-11,0.006075311182084483
8.7643e-07,1.1252999999999998e-06,PF_coil_1,4.779164282753291e-11,0.0065475885662650375
1.1252999999999998e-06,1.445e-06,PF_coil_1,5.33126526185547e-11,0.006062604921900567
1.445e-06,1.8553999999999998e-06,PF_coil_1,5.943520325060539e-11,0.005504364652429635
1.8553999999999998e-06,2.3824e-06,PF_coil_1,6.536807936103333e-11,0.004857600551194733
2.3824e-06,3.059e-06,PF_coil_1,7.073181950159993e-11,0.005174670864072923
3.059e-06,3.9279e-06,PF_coil_1,7.572951017323077e-11,0.005151099364775172
3.9279e-06,5.043499999999999e-06,PF_coil_1,8.151478220004235e-11,0.004473033970698927
5.043499999999999e-06,6.4759e-06,PF_coil_1,8.638608108640688e-11,0.004598110096409468
6.4759e-06,8.3153e-06,PF_coil_1,9.071780789574262e-11,0.00479209846744758
8.3153e-06,1.0677e-05,PF_coil_1,9.606110339117094e-11,0.004423198061125159
1.0677e-05,1.3710000000000001e-05,PF_coil_1,9.933415709285906e-11,0.0043839406355672475
1.3710000000000001e-05,1.7604e-05,PF_coil_1,1.0343005175185642e-10,0.0041009322871284025
1.7604e-05,2.2603e-05,PF_coil_1,1.0579929183634762e-10,0.0038851205500493612
2.2603e-05,2.9023e-05,PF_coil_1,1.0801287276693321e-10,0.003968470969645476
2.9023e-05,3.7266e-05,PF_coil_1,1.0841782258962738e-10,0.003883986739662118
3.7266e-05,4.7851e-05,PF_coil_1,1.0587036477225717e-10,0.0036188664042136297
4.7851e-05,6.1442e-05,PF_coil_1,1.2418814707375808e-10,0.003999758517148041
6.1442e-05,7.889299999999999e-05,PF_coil_1,1.2566343246771204e-10,0.003742511692839672
7.889299999999999e-05,0.0001013,PF_coil_1,1.2794226834705556e-10,0.003777527926605357
0.0001013,0.00013006999999999998,PF_coil_1,1.2865722590845544e-10,0.0035140806558640898
0.00013006999999999998,0.00016702,PF_coil_1,1.2763613687698837e-10,0.0033994388847029804
0.00016702,0.00021444999999999998,PF_coil_1,1.358571089520303e-10,0.003587585882656319
0.00021444999999999998,0.00027536,PF_coil_1,1.4435146852959936e-10,0.003464417553656188
0.00027536,0.00035358,PF_coil_1,1.0021817901015102e-10,0.003383071239393791
0.00035358,0.000454,PF_coil_1,1.1457371092879377e-10,0.0032263334811826207
0.000454,0.00058295,PF_coil_1,1.3380274608998152e-10,0.003691793548034855
0.00058295,0.0007485199999999999,PF_coil_1,1.5653521427788548e-10,0.003380758915760747
0.0007485199999999999,0.00096112,PF_coil_1,1.6950121314933258e-10,0.003395454892407772
0.00096112,0.0012341,PF_coil_1,1.6123705783158574e-10,0.0031389331569737747
0.0012341,0.0015845999999999998,PF_coil_1,2.026638800942791e-10,0.0032443167240650546
0.0015845999999999998,0.0020347,PF_coil_1,2.0709412792726338e-10,0.0031336670407312614
0.0020347,0.0022486999999999997,PF_coil_1,3.951028508483086e-11,0.0037180105641889632
0.0022486999999999997,0.0024852,PF_coil_1,5.0504304483318766e-11,0.0035348665106232414
0.0024852,0.0026125999999999996,PF_coil_1,1.838143338009853e-11,0.004639872960111002
0.0026125999999999996,0.0027465,PF_coil_1,2.3457400359643045e-11,0.004833395781724767
0.0027465,0.0030354,PF_coil_1,7.034511481083461e-11,0.004046355559352421
0.0030354,0.0033545999999999997,PF_coil_1,7.774281319606963e-11,0.0033536362201975786
0.0033545999999999997,0.0037074,PF_coil_1,7.958948584022694e-11,0.0035387637645292293
0.0037074,0.004307399999999999,PF_coil_1,9.908662802284799e-11,0.003486489072495839
0.004307399999999999,0.0055308,PF_coil_1,1.7167180384728136e-10,0.002802402843614007
0.0055308,0.0071017,PF_coil_1,1.8072505563270296e-10,0.0029974401952017928
0.0071017,0.009118799999999998,PF_coil_1,1.3473104249560633e-10,0.002350362458932788
0.009118799999999998,0.010595,PF_coil_1,1.0516559622238881e-10,0.0031481807517683273
0.010595,0.011708999999999999,PF_coil_1,7.921028055847552e-11,0.00374465641738914
0.011708999999999999,0.015033999999999999,PF_coil_1,1.9873390879326864e-10,0.0033736999332015204
0.015033999999999999,0.019303999999999998,PF_coil_1,1.8268409878565323e-10,0.0034119196045345667
0.019303999999999998,0.021875,PF_coil_1,1.2596887190102505e-10,0.00328208014043655
0.021875,0.023579,PF_coil_1,9.623462131548489e-11,0.003962060748388199
0.023579,0.024176,PF_coil_1,3.989690159340977e-11,0.005403754358718385
0.024176,0.024787999999999998,PF_coil_1,5.193909791028145e-11,0.005240285736251256
0.024787999999999998,0.026057999999999998,PF_coil_1,5.908718232370763e-11,0.00460885421878012
0.026057999999999998,0.027,PF_coil_1,3.139352881391229e-11,0.004787014622824143
0.027,0.028501,PF_coil_1,1.5590042831494362e-11,0.004487197792653592
0.028501,0.031827999999999995,PF_coil_1,5.563892079813078e-11,0.003781271069668838
0.031827999999999995,0.034307,PF_coil_1,5.879629893073565e-11,0.004227334194871849
0.034307,0.040868,PF_coil_1,1.5835569861483256e-10,0.0036696713412167426
0.040868,0.046308999999999996,PF_coil_1,1.3737938034417235e-10,0.0031221717585530775
0.046308999999999996,0.052475,PF_coil_1,1.4221376629445847e-10,0.003111010643598702
0.052475,0.056561999999999994,PF_coil_1,7.104786705018766e-11,0.0042553253356868576
0.056561999999999994,0.06738,PF_coil_1,2.0691368689987522e-10,0.0034037274931620867
0.06738,0.07202399999999999,PF_coil_1,1.0243951842016876e-10,0.004106917271933359
0.07202399999999999,0.079499,PF_coil_1,1.175913340775517e-10,0.0037259920860689137
0.079499,0.08250299999999999,PF_coil_1,6.374726889200462e-11,0.004256098206406626
0.08250299999999999,0.086517,PF_coil_1,3.533300908269461e-11,0.004357874574205189
0.086517,0.098036,PF_coil_1,1.4288858057290727e-10,0.004006841601867462
0.098036,0.11109,PF_coil_1,1.496178504368972e-10,0.003701371770836877
0.11109,0.11678999999999999,PF_coil_1,8.126667039521593e-11,0.004212458597180397
0.11678999999999999,0.12276999999999999,PF_coil_1,9.199131697088897e-11,0.004262242793945193
0.12276999999999999,0.12907,PF_coil_1,9.367606200637678e-11,0.004313672379804471
0.12907,0.13569,PF_coil_1,1.0614841832081993e-10,0.004347949889644227
0.13569,0.14264,PF_coil_1,5.7068267588115455e-11,0.0041939049924642246
0.14264,0.14995999999999998,PF_coil_1,4.9919749379814226e-11,0.004139989381147874
0.14995999999999998,0.15764,PF_coil_1,7.153192078890343e-11,0.004611101527801945
0.15764,0.16573,PF_coil_1,7.574247977740558e-11,0.004553686727027036
0.16573,0.17421999999999999,PF_coil_1,6.975655898013504e-11,0.0040209168132741115
0.17421999999999999,0.18316,PF_coil_1,8.67137188406422e-11,0.0042874418397993615
0.18316,0.19255,PF_coil_1,6.170270860847555e-11,0.004634342067869721
0.19255,0.20242,PF_coil_1,5.823336638231036e-11,0.004909592271542117
0.20242,0.2128,PF_coil_1,6.92927268963559e-11,0.004304451081148995
0.2128,0.22371,PF_coil_1,7.514067346692669e-11,0.004852980221863023
0.22371,0.23518,PF_coil_1,7.710401255417646e-11,0.004759778554668175
0.23518,0.24724,PF_coil_1,7.887312950697755e-11,0.0042723920886835595
0.24724,0.27324,PF_coil_1,1.8776774007998e-10,0.0033608626226751827
0.27324,0.28725,PF_coil_1,7.336594445642538e-11,0.004869749365399709
0.28725,0.29452,PF_coil_1,4.210105716235645e-11,0.006423397370717715
0.29452,0.29721,PF_coil_1,1.8554960008658665e-11,0.008707101898601624
0.29721,0.29849,PF_coil_1,8.6567030303423e-12,0.012955044272769379
0.29849,0.30196999999999996,PF_coil_1,2.502481713656938e-11,0.00699961400286609
0.30196999999999996,0.33372999999999997,PF_coil_1,1.6144205651618155e-10,0.003977307182203566
0.33372999999999997,0.36883,PF_coil_1,1.571431719531604e-10,0.004079427723420465
0.36883,0.38774,PF_coil_1,7.226381193991887e-11,0.004989004696761965
0.38774,0.40762,PF_coil_1,5.118812019239555e-11,0.005675608604538078
0.40762,0.45049,PF_coil_1,1.0879506819429004e-10,0.004689509925587741
0.45049,0.49787,PF_coil_1,1.308978523886685e-10,0.004728959570460147
0.49787,0.5234,PF_coil_1,7.239317221456764e-11,0.005673232528575042
0.5234,0.55023,PF_coil_1,7.303593514531701e-11,0.0055458870591706
0.55023,0.57844,PF_coil_1,7.808726204676846e-11,0.005219747596374808
0.57844,0.6081,PF_coil_1,8.446017504599714e-11,0.0060711801612906005
0.6081,0.63928,PF_coil_1,6.901611708128191e-11,0.0056084966750774064
0.63928,0.67206,PF_coil_1,6.201861428634331e-11,0.006675605178927273
0.67206,0.70651,PF_coil_1,5.507040074303608e-11,0.00638924717726707
0.70651,0.74274,PF_coil_1,4.3146839905909394e-11,0.007503056278300965
0.74274,0.78082,PF_coil_1,3.410390250900769e-11,0.007886592287601553
0.78082,0.82085,PF_coil_1,3.443292175945193e-11,0.008137639992756018
0.82085,0.8629399999999999,PF_coil_1,3.520980144626862e-11,0.008484240406771908
0.8629399999999999,0.90718,PF_coil_1,2.9669108613431916e-11,0.007412261061944923
0.90718,0.9616699999999999,PF_coil_1,3.3979580768535057e-11,0.007789038255427611
0.9616699999999999,1.0026,PF_coil_1,1.7300156047752326e-11,0.010625755017722206
1.0026,1.1079999999999999,PF_coil_1,4.3396544912476086e-11,0.007986777329254376
1.1079999999999999,1.1648,PF_coil_1,2.1103547745573564e-11,0.011310871556156385
1.1648,1.2246,PF_coil_1,1.911372494497219e-11,0.011433665154359432
1.2246,1.2873999999999999,PF_coil_1,1.328962011001188e-11,0.013790984284365607
1.2873999999999999,1.3534,PF_coil_1,1.2322575534834404e-11,0.015225166082467372
1.3534,1.4226999999999999,PF_coil_1,1.1602362292412851e-11,0.01235512483631999
1.4226999999999999,1.4957,PF_coil_1,8.53520450423746e-12,0.018214613424238465
1.4957,1.5724,PF_coil_1,7.755479408650458e-12,0.01728065760222932
1.5724,1.653,PF_coil_1,7.680522844817291e-12,0.018103489715671685
1.653,1.7377,PF_coil_1,7.854338361794478e-12,0.015837339493259352
1.7377,1.8268,PF_coil_1,6.569429345943009e-12,0.021057768996577093
1.8268,1.9204999999999999,PF_coil_1,5.045581596251553e-12,0.02331268440832591
1.9204999999999999,2.019,PF_coil_1,4.60798632847392e-12,0.021750918075927588
2.019,2.1225,PF_coil_1,4.307293514671046e-12,0.022195720459690153
2.1225,2.2313,PF_coil_1,4.0830806466500316e-12,0.0246724607067611
2.2313,2.3068999999999997,PF_coil_1,2.689021847819175e-12,0.028970799078575075
2.3068999999999997,2.3457,PF_coil_1,1.0824444548305626e-12,0.03664289939743199
2.3457,2.3653,PF_coil_1,6.867598990578416e-13,0.057469172186938186
2.3653,2.3851,PF_coil_1,6.153916911963456e-13,0.05518543130235874
2.3851,2.4659999999999997,PF_coil_1,1.991506155513533e-12,0.030035180885947813
2.4659999999999997,2.5924,PF_coil_1,2.6920295581635064e-12,0.029297785777900497
2.5924,2.7253,PF_coil_1,2.6412363150727943e-12,0.026476972559320747
2.7253,2.8649999999999998,PF_coil_1,2.309784650940938e-12,0.02939270595207763
2.8649999999999998,3.0119,PF_coil_1,2.1160849706547415e-12,0.03501326024189138
3.0119,3.1664,PF_coil_1,1.834133906546706e-12,0.03656952554782822
3.1664,3.3287,PF_coil_1,1.5944058988634295e-12,0.036735974521400004
3.3287,3.6788,PF_coil_1,2.7900509822784034e-12,0.030185528063858557
3.6788,4.0657,PF_coil_1,2.1442496023799364e-12,0.03466686734927876
4.0657,4.4933,PF_coil_1,1.9693576238325204e-12,0.03861194240029282
4.4933,4.7237,PF_coil_1,8.405710656612743e-13,0.0511811377390576
4.7237,4.9658,PF_coil_1,8.226531698141989e-13,0.049217789937880715
4.9658,5.2204999999999995,PF_coil_1,7.453146668605919e-13,0.05721273129347469
5.2204999999999995,5.488099999999999,PF_coil_1,7.018402591506785e-13,0.0708310552262521
5.488099999999999,5.7695,PF_coil_1,7.780587654052201e-13,0.052796980727078814
5.7695,6.0653,PF_coil_1,6.397483649340471e-13,0.07488162244755976
6.0653,6.3763,PF_coil_1,6.694243678525321e-13,0.07088171542059842
6.3763,6.5924,PF_coil_1,4.1021598130172534e-13,0.07672288636595907
6.5924,6.7032,PF_coil_1,1.852987444729642e-13,0.1136014441527095
6.7032,7.0469,PF_coil_1,5.515968626630996e-13,0.05972924046664552
7.0469,7.4082,PF_coil_1,4.980372844803565e-13,0.0798093314309716
7.4082,7.787999999999999,PF_coil_1,4.982890455201623e-13,0.07858870465072508
7.787999999999999,8.1873,PF_coil_1,5.470966956650268e-13,0.06971763419941662
8.1873,8.607099999999999,PF_coil_1,5.422362294374349e-13,0.07249051534118509
8.607099999999999,9.048399999999999,PF_coil_1,5.478588169714918e-13,0.07222180927961917
9.048399999999999,9.5123,PF_coil_1,6.082821771461439e-13,0.07109236237433456
9.5123,10.0,PF_coil_1,4.701884100524845e-13,0.07592900514615182
10.0,10.513,PF_coil_1,6.420950601561364e-13,0.06838770394657477
10.513,11.052,PF_coil_1,6.865544799570874e-13,0.0676833405298871
11.052,11.618,PF_coil_1,5.842674879959499e-13,0.0812817317510164
11.618,12.213999999999999,PF_coil_1,1.0035887319871337e-12,0.05781942157518551
12.213999999999999,12.523,PF_coil_1,8.081920015618053e-13,0.061296342696865486
12.523,12.84,PF_coil_1,8.549281276139861e-13,0.05504186042755625
12.84,13.498999999999999,PF_coil_1,3.396077121132425e-12,0.033755611543561576
13.498999999999999,13.84,PF_coil_1,1.9378860169520594e-12,0.040578650854418245
13.84,14.190999999999999,PF_coil_1,8.820683479180236e-13,0.05391885394502976
14.190999999999999,14.549999999999999,PF_coil_1,0.0,
14.549999999999999,14.918,PF_coil_1,0.0,
14.918,15.683,PF_coil_1,0.0,
15.683,16.487,PF_coil_1,0.0,
16.487,16.904999999999998,PF_coil_1,0.0,
16.904999999999998,17.332,PF_coil_1,0.0,
17.332,19.64,PF_coil_1,0.0,
